{"a": 0.000008612,
    "b": -0.00512,
    "c": 0.762,
    "d":-0.0067, 
    "e": 2.35,
    "Ea": 36360,
    "R": 8.314,
    "alpha": 21400,
    "beta": 0.789,
    "gamma": 0.000119,
    "delta": 0.01,
    "eol": 30,
    "nom_voltage": 396,
    "parallel": 108,
    "series": 4
}